ID,Age,Sexe,Situation_Matrimoniale,Education,Revenu_Mensuel,Type_Logement,Etat_Sante
1,48,Homme,Veuf/Veuve,Aucun,15965,Sans_abri,Mauvais
2,32,Homme,Divorcé(e),Primaire,15138,Sans_abri,NA
3,31,Homme,Veuf/Veuve,Universitaire,19318,Refuge,Moyen
4,20,Femme,Célibataire,Primaire,26995,Refuge,Moyen
5,59,Femme,Veuf/Veuve,Secondaire,43208,Sans_abri,Moyen
6,60,Homme,Marié(e),Primaire,14638,Appartement,Moyen
7,54,Homme,Marié(e),Aucun,18301,Appartement,Bon
8,31,Femme,Célibataire,Aucun,Invalid,Refuge,Moyen
9,42,Homme,Célibataire,Universitaire,43106,Refuge,NA
10,43,Femme,Célibataire,Primaire,29508,Maison,Moyen
11,44,Femme,Marié(e),Secondaire,15453,Sans_abri,Bon
12,22,Femme,Divorcé(e),Aucun,6197,Refuge,Moyen
13,44,Homme,Divorcé(e),Aucun,48559,Appartement,Mauvais
14,NA,Homme,Divorcé(e),Aucun,30158,Refuge,Mauvais
15,26,Femme,Veuf/Veuve,Universitaire,9001,Maison,Mauvais
16,NA,Homme,Divorcé(e),Universitaire,11884,Appartement,Mauvais
17,52,Femme,Célibataire,Aucun,34863,Sans_abri,Bon
18,25,Homme,Célibataire,Universitaire,10167,Appartement,Mauvais
19,43,Femme,Divorcé(e),Aucun,6552,Maison,Moyen
20,24,Homme,Célibataire,Aucun,14929,Appartement,Moyen
21,59,Homme,Veuf/Veuve,Secondaire,30741,Refuge,Mauvais
22,26,Femme,Célibataire,Aucun,13415,Appartement,Bon
23,36,Femme,Veuf/Veuve,Primaire,45904,Appartement,Bon
24,53,Femme,Célibataire,Universitaire,36992,Appartement,Moyen
25,31,Femme,Veuf/Veuve,Secondaire,17602,Refuge,Moyen
26,34,Femme,Veuf/Veuve,Secondaire,19378,Appartement,Mauvais
27,60,Homme,Veuf/Veuve,Secondaire,14443,Sans_abri,Moyen
28,56,Femme,Divorcé(e),Universitaire,48825,Sans_abri,Bon
29,29,Homme,Divorcé(e),Primaire,47383,Refuge,Mauvais
30,32,Femme,Veuf/Veuve,Universitaire,18083,Appartement,Moyen
31,49,Homme,Veuf/Veuve,Primaire,7427,Appartement,Mauvais
32,59,Femme,Veuf/Veuve,Aucun,33162,Appartement,Moyen
33,24,Homme,Marié(e),Secondaire,36738,Maison,Bon
34,26,Homme,Divorcé(e),Primaire,17175,Refuge,Moyen
35,58,Femme,Marié(e),Aucun,27264,Refuge,Moyen
36,27,Femme,Veuf/Veuve,Aucun,20588,Refuge,Bon
37,40,Homme,Veuf/Veuve,Secondaire,32426,Maison,Bon
38,44,Femme,Veuf/Veuve,Universitaire,47712,Refuge,Moyen
39,24,Homme,Veuf/Veuve,Primaire,32388,Refuge,Bon
40,44,Homme,Marié(e),Primaire,17053,Refuge,Bon
41,NA,Homme,Marié(e),Aucun,30501,Maison,Mauvais
42,55,Homme,Marié(e),Aucun,5361,Appartement,Mauvais
43,42,Femme,Divorcé(e),Secondaire,25024,Maison,Mauvais
44,51,Homme,Marié(e),Secondaire,49288,Sans_abri,Moyen
45,46,Femme,Veuf/Veuve,Aucun,33363,Refuge,Bon
46,22,Femme,Veuf/Veuve,Primaire,49991,Appartement,Bon
47,NA,Femme,Divorcé(e),Universitaire,7690,Sans_abri,Bon
48,29,Femme,Veuf/Veuve,Universitaire,37876,Sans_abri,Bon
49,30,Femme,Marié(e),Aucun,NA,Maison,Moyen
50,35,Femme,Célibataire,Universitaire,NA,Sans_abri,Bon
51,50,Homme,Célibataire,Primaire,41504,Refuge,Moyen
52,44,Femme,Divorcé(e),Universitaire,30742,Appartement,Bon
53,42,Femme,Célibataire,Aucun,21934,Refuge,Bon
54,55,Femme,Marié(e),Secondaire,39647,Appartement,Moyen
55,38,Homme,Marié(e),Secondaire,NA,Sans_abri,Mauvais
56,32,Homme,Marié(e),Universitaire,32950,Refuge,Moyen
57,58,Femme,Célibataire,Universitaire,38589,Appartement,Moyen
58,43,Homme,Divorcé(e),Primaire,48227,Refuge,Bon
59,48,Homme,Veuf/Veuve,Primaire,19340,Maison,Bon
60,33,Homme,Divorcé(e),Secondaire,26283,Sans_abri,Bon
61,47,Femme,Marié(e),Aucun,7238,Refuge,Mauvais
62,23,Femme,Marié(e),Primaire,39184,Sans_abri,Bon
63,60,Femme,Marié(e),Primaire,12169,Refuge,Bon
64,NA,Homme,Veuf/Veuve,Primaire,13704,Appartement,Moyen
65,39,Homme,Divorcé(e),Aucun,41254,Appartement,Bon
66,39,Homme,Célibataire,Primaire,15913,Refuge,Bon
67,56,Femme,Marié(e),Aucun,11203,Maison,Moyen
68,48,Homme,Divorcé(e),Secondaire,6447,Refuge,Bon
69,34,Femme,Célibataire,Secondaire,46386,Maison,Mauvais
70,51,Femme,Veuf/Veuve,Universitaire,14487,Appartement,Moyen
71,21,Femme,Divorcé(e),Secondaire,28307,Refuge,Mauvais
72,30,Homme,Divorcé(e),Primaire,46256,Sans_abri,Bon
73,22,Homme,Marié(e),Primaire,36078,Maison,Moyen
74,42,Homme,Divorcé(e),Universitaire,15199,Maison,Mauvais
75,39,Homme,Veuf/Veuve,Secondaire,23890,Appartement,Mauvais
76,42,Femme,Divorcé(e),Secondaire,36536,Sans_abri,Bon
77,49,Femme,Marié(e),Universitaire,45046,Sans_abri,Bon
78,42,Femme,Veuf/Veuve,Universitaire,36899,Appartement,Mauvais
79,40,Homme,Célibataire,Universitaire,33139,Refuge,Moyen
80,52,Femme,Célibataire,Aucun,42538,Refuge,Moyen
81,57,Femme,Veuf/Veuve,Primaire,24661,Refuge,Bon
82,47,Femme,Divorcé(e),Universitaire,24398,Refuge,Moyen
83,NA,Femme,Célibataire,Universitaire,9766,Refuge,Bon
84,48,Femme,Divorcé(e),Primaire,38994,Appartement,Mauvais
85,47,Homme,Divorcé(e),Secondaire,35584,Refuge,Mauvais
86,52,Homme,Marié(e),Primaire,20032,Maison,Mauvais
87,31,Femme,Divorcé(e),Aucun,31355,Maison,Bon
88,46,Femme,Veuf/Veuve,Secondaire,14081,Appartement,Moyen
89,49,Femme,Célibataire,Primaire,14635,Appartement,Bon
90,Unknown,Femme,Célibataire,Universitaire,6801,Refuge,Bon
91,20,Homme,Célibataire,Universitaire,41052,Sans_abri,Moyen
92,40,Homme,Divorcé(e),Aucun,13653,Refuge,Mauvais
93,32,Homme,Célibataire,Aucun,31914,Maison,NA
94,38,Homme,Marié(e),Primaire,27032,Refuge,Mauvais
95,54,Homme,Célibataire,Primaire,35208,Maison,NA
96,25,Femme,Marié(e),Aucun,48066,Refuge,Mauvais
97,27,Femme,Veuf/Veuve,Aucun,25011,Refuge,Moyen
98,59,Homme,Célibataire,Secondaire,15152,Appartement,Moyen
99,51,Femme,Veuf/Veuve,Secondaire,40400,Appartement,Moyen
100,27,Femme,Veuf/Veuve,Aucun,26895,Maison,Mauvais
101,39,Homme,Marié(e),Primaire,31474,Appartement,Bon
102,29,Femme,Marié(e),Secondaire,25718,Appartement,Mauvais
103,37,Femme,Marié(e),Primaire,20644,Refuge,Mauvais
104,34,Homme,Veuf/Veuve,Secondaire,32285,Refuge,Bon
105,52,Femme,Divorcé(e),Aucun,45541,Sans_abri,Mauvais
106,57,Homme,Divorcé(e),Universitaire,10031,Sans_abri,Bon
107,47,Femme,Marié(e),Primaire,14875,Appartement,Moyen
108,32,Homme,Veuf/Veuve,Secondaire,8668,Sans_abri,Mauvais
109,41,Homme,Marié(e),Secondaire,NA,Refuge,Mauvais
110,40,Femme,Marié(e),Universitaire,25365,Maison,Mauvais
111,60,Femme,Veuf/Veuve,Primaire,47832,Appartement,Bon
112,24,Femme,Divorcé(e),Secondaire,24948,Appartement,Mauvais
113,46,Homme,Célibataire,Primaire,34249,Sans_abri,Bon
114,32,Homme,Divorcé(e),Secondaire,NA,Refuge,Bon
115,40,Homme,Veuf/Veuve,Primaire,43623,Maison,Bon
116,43,Homme,Célibataire,Universitaire,19376,Sans_abri,Mauvais
117,55,Femme,Marié(e),Universitaire,30329,Refuge,Bon
118,49,Femme,Divorcé(e),Aucun,12260,Refuge,Bon
119,24,Femme,Marié(e),Aucun,25611,Maison,Moyen
120,44,Femme,Marié(e),Secondaire,24502,Maison,Bon
121,59,Femme,Célibataire,Secondaire,23243,Maison,Mauvais
122,22,Homme,Marié(e),Universitaire,27300,Maison,Bon
123,23,Femme,Veuf/Veuve,Primaire,44398,Sans_abri,Bon
124,33,Homme,Veuf/Veuve,Primaire,7077,Appartement,Mauvais
125,41,Homme,Divorcé(e),Primaire,7057,Refuge,Bon
126,49,Femme,Veuf/Veuve,Universitaire,37171,Sans_abri,Bon
127,38,Homme,Marié(e),Primaire,41673,Refuge,Bon
128,28,Homme,Divorcé(e),Primaire,5689,Maison,Moyen
129,53,Homme,Divorcé(e),Aucun,18573,Maison,Bon
130,36,Femme,Veuf/Veuve,Universitaire,38488,Maison,Mauvais
131,42,Femme,Marié(e),Aucun,6446,Refuge,Moyen
132,56,Homme,Célibataire,Secondaire,NA,Refuge,Mauvais
133,43,Homme,Célibataire,Universitaire,14175,Sans_abri,Moyen
134,26,Homme,Marié(e),Secondaire,NA,Sans_abri,Mauvais
135,24,Homme,Divorcé(e),Primaire,46262,Appartement,Bon
136,51,Homme,Marié(e),Primaire,29525,Sans_abri,NA
137,30,Femme,Célibataire,Universitaire,8502,Refuge,Moyen
138,36,Homme,Divorcé(e),Secondaire,22312,Sans_abri,Moyen
139,56,Homme,Célibataire,Aucun,23846,Refuge,Mauvais
140,21,Femme,Célibataire,Secondaire,32507,Sans_abri,Bon
141,18,Femme,Divorcé(e),Primaire,21336,Appartement,Moyen
142,57,Femme,Célibataire,Universitaire,39760,Appartement,Mauvais
143,NA,Femme,Veuf/Veuve,Universitaire,20747,Sans_abri,Moyen
144,47,Femme,Marié(e),Aucun,12041,Sans_abri,Bon
145,42,Homme,Veuf/Veuve,Secondaire,14615,Refuge,NA
146,NA,Femme,Divorcé(e),Primaire,NA,Refuge,Mauvais
147,41,Femme,Veuf/Veuve,Primaire,39342,Refuge,Bon
148,28,Homme,Divorcé(e),Secondaire,36029,Maison,Bon
149,37,Femme,Divorcé(e),Universitaire,31274,Appartement,Moyen
150,57,Homme,Divorcé(e),Aucun,12980,Maison,Mauvais
151,20,Femme,Divorcé(e),Secondaire,14795,Sans_abri,Bon
152,46,Homme,Marié(e),Aucun,19170,Maison,Bon
153,53,Femme,Célibataire,Primaire,32856,Sans_abri,Mauvais
154,39,Homme,Divorcé(e),Aucun,19710,Appartement,Bon
155,59,Femme,Marié(e),Aucun,20969,Maison,Bon
156,37,Homme,Célibataire,Universitaire,26507,Refuge,Mauvais
157,28,Femme,Célibataire,Universitaire,46619,Appartement,NA
158,25,Femme,Divorcé(e),Aucun,NA,Refuge,Mauvais
159,38,Homme,Marié(e),Universitaire,NA,Refuge,Bon
160,19,Femme,Marié(e),Universitaire,36190,Maison,Mauvais
161,60,Femme,Veuf/Veuve,Aucun,30524,Sans_abri,Moyen
162,30,Homme,Marié(e),Aucun,49977,Sans_abri,Mauvais
163,23,Homme,Marié(e),Primaire,36478,Refuge,Bon
164,25,Femme,Marié(e),Universitaire,31960,Appartement,Bon
165,49,Homme,Célibataire,Universitaire,Invalid,Appartement,Bon
166,53,Homme,Veuf/Veuve,Universitaire,8862,Maison,Mauvais
167,31,Femme,Veuf/Veuve,Secondaire,38131,Sans_abri,Mauvais
168,33,Femme,Divorcé(e),Primaire,24847,Sans_abri,Bon
169,40,Homme,Divorcé(e),Primaire,12662,Sans_abri,Moyen
170,50,Femme,Divorcé(e),Universitaire,27267,Appartement,NA
171,57,Femme,Marié(e),Universitaire,47274,Appartement,Mauvais
172,57,Femme,Divorcé(e),Primaire,40178,Appartement,Mauvais
173,27,Homme,Marié(e),Aucun,29430,Appartement,Bon
174,42,Homme,Célibataire,Aucun,11033,Maison,Mauvais
175,25,Homme,Célibataire,Universitaire,30533,Sans_abri,Moyen
176,35,Femme,Veuf/Veuve,Secondaire,34599,Maison,Moyen
177,26,Femme,Divorcé(e),Primaire,8328,Appartement,Mauvais
178,24,Homme,Divorcé(e),Universitaire,45039,Maison,Moyen
179,24,Femme,Veuf/Veuve,Secondaire,27567,Maison,Mauvais
180,27,Femme,Veuf/Veuve,Secondaire,42277,Appartement,Moyen
181,41,Femme,Divorcé(e),Primaire,26239,Sans_abri,Moyen
182,40,Homme,Marié(e),Aucun,38046,Sans_abri,NA
183,NA,Homme,Célibataire,Aucun,9781,Maison,Mauvais
184,60,Homme,Célibataire,Primaire,20294,Appartement,Moyen
185,50,Homme,Célibataire,Primaire,31826,Sans_abri,NA
186,46,Femme,Célibataire,Secondaire,21011,Maison,NA
187,27,Femme,Célibataire,Aucun,10627,Sans_abri,Mauvais
188,30,Homme,Veuf/Veuve,Primaire,40758,Sans_abri,Mauvais
189,60,Homme,Veuf/Veuve,Aucun,23105,Appartement,Mauvais
190,28,Femme,Marié(e),Universitaire,13896,Refuge,Bon
191,42,Homme,Célibataire,Universitaire,32313,Refuge,Mauvais
192,43,Femme,Marié(e),Primaire,21294,Refuge,Moyen
193,24,Femme,Marié(e),Secondaire,20765,Maison,Bon
194,42,Homme,Divorcé(e),Universitaire,24442,Sans_abri,Bon
195,40,Femme,Célibataire,Aucun,25786,Sans_abri,Bon
196,43,Homme,Divorcé(e),Secondaire,37129,Sans_abri,Mauvais
197,49,Femme,Divorcé(e),Universitaire,12470,Sans_abri,Moyen
198,37,Femme,Célibataire,Primaire,48480,Refuge,Moyen
199,NA,Femme,Marié(e),Universitaire,25302,Sans_abri,Moyen
200,26,Homme,Veuf/Veuve,Primaire,25174,Refuge,Bon
201,58,Femme,Divorcé(e),Universitaire,45199,Refuge,Bon
202,54,Homme,Marié(e),Universitaire,NA,Refuge,Mauvais
203,40,Femme,Célibataire,Universitaire,21973,Appartement,Bon
204,31,Homme,Divorcé(e),Universitaire,10029,Sans_abri,Bon
205,23,Homme,Marié(e),Universitaire,26211,Appartement,Bon
206,44,Femme,Célibataire,Secondaire,20082,Sans_abri,Bon
207,18,Homme,Divorcé(e),Aucun,46628,Maison,Moyen
208,43,Homme,Célibataire,Universitaire,17054,Refuge,Moyen
209,59,Homme,Marié(e),Primaire,NA,Refuge,Moyen
210,34,Femme,Marié(e),Aucun,36701,Sans_abri,Mauvais
211,46,Homme,Veuf/Veuve,Primaire,22705,Appartement,Mauvais
212,43,Homme,Veuf/Veuve,Universitaire,6693,Maison,Mauvais
213,44,Homme,Veuf/Veuve,Primaire,44061,Refuge,Bon
214,38,Femme,Veuf/Veuve,Secondaire,49732,Maison,Mauvais
215,24,Homme,Célibataire,Primaire,41331,Sans_abri,Mauvais
216,Unknown,Femme,Veuf/Veuve,Secondaire,NA,Appartement,NA
217,58,Homme,Veuf/Veuve,Universitaire,5577,Maison,Mauvais
218,37,Homme,Divorcé(e),Secondaire,7462,Sans_abri,Mauvais
219,23,Homme,Célibataire,Universitaire,28934,Refuge,Bon
220,47,Homme,Divorcé(e),Primaire,NA,Appartement,Bon
221,48,Homme,Marié(e),Secondaire,22321,Sans_abri,Moyen
222,46,Homme,Divorcé(e),Universitaire,6235,Refuge,Moyen
223,34,Homme,Divorcé(e),Aucun,42868,Refuge,Moyen
224,54,Femme,Divorcé(e),Aucun,15827,Refuge,Bon
225,37,Femme,Célibataire,Universitaire,NA,Maison,Mauvais
226,52,Homme,Veuf/Veuve,Primaire,18910,Refuge,NA
227,42,Femme,Célibataire,Primaire,45941,Maison,Bon
228,50,Homme,Veuf/Veuve,Universitaire,14421,Refuge,Bon
229,19,Homme,Célibataire,Secondaire,38640,Refuge,Bon
230,21,Homme,Veuf/Veuve,Secondaire,43427,Maison,Mauvais
231,NA,Homme,Célibataire,Secondaire,38334,Sans_abri,Mauvais
232,50,Femme,Marié(e),Primaire,28747,Sans_abri,Bon
233,22,Femme,Marié(e),Universitaire,47434,Maison,Moyen
234,42,Femme,Célibataire,Primaire,22516,Refuge,Mauvais
235,25,Homme,Veuf/Veuve,Aucun,42389,Maison,Bon
236,42,Homme,Célibataire,Primaire,23409,Refuge,Mauvais
237,38,Femme,Veuf/Veuve,Primaire,22181,Maison,Bon
238,35,Homme,Marié(e),Aucun,37409,Maison,Mauvais
239,59,Homme,Célibataire,Primaire,35558,Refuge,Moyen
240,48,Homme,Divorcé(e),Primaire,48507,Sans_abri,Moyen
241,23,Homme,Marié(e),Universitaire,23044,Refuge,Mauvais
242,24,Femme,Célibataire,Secondaire,11913,Appartement,Bon
243,58,Homme,Célibataire,Aucun,8035,Maison,Moyen
244,34,Femme,Marié(e),Aucun,26239,Sans_abri,Bon
245,45,Femme,Célibataire,Aucun,31577,Appartement,Moyen
246,57,Femme,Divorcé(e),Universitaire,NA,Refuge,Bon
247,24,Femme,Divorcé(e),Primaire,22725,Maison,Moyen
248,37,Femme,Veuf/Veuve,Secondaire,27295,Sans_abri,NA
249,35,Homme,Veuf/Veuve,Universitaire,9904,Maison,Bon
250,Unknown,Femme,Célibataire,Primaire,16708,Refuge,Moyen
251,34,Homme,Divorcé(e),Primaire,12513,Refuge,Moyen
252,50,Homme,Veuf/Veuve,Primaire,NA,Appartement,Bon
253,19,Femme,Veuf/Veuve,Aucun,7829,Sans_abri,Moyen
254,19,Homme,Célibataire,Universitaire,46856,Appartement,Moyen
255,30,Femme,Divorcé(e),Primaire,40512,Refuge,Bon
256,NA,Homme,Divorcé(e),Universitaire,5444,Refuge,Mauvais
257,20,Homme,Marié(e),Universitaire,36673,Appartement,Mauvais
258,35,Homme,Marié(e),Universitaire,23252,Refuge,Bon
259,19,Homme,Marié(e),Universitaire,17285,Sans_abri,Mauvais
260,54,Femme,Veuf/Veuve,Aucun,43950,Maison,Mauvais
261,29,Femme,Veuf/Veuve,Secondaire,5277,Maison,Moyen
262,30,Femme,Divorcé(e),Universitaire,16171,Refuge,Moyen
263,59,Femme,Divorcé(e),Secondaire,46633,Appartement,Bon
264,Unknown,Femme,Divorcé(e),Universitaire,9526,Refuge,Moyen
265,59,Femme,Célibataire,Primaire,45374,Appartement,Bon
266,59,Homme,Divorcé(e),Universitaire,31777,Refuge,Moyen
267,55,Femme,Marié(e),Aucun,26507,Appartement,Mauvais
268,33,Homme,Célibataire,Secondaire,26880,Maison,Mauvais
269,52,Femme,Veuf/Veuve,Primaire,38431,Sans_abri,Bon
270,53,Femme,Divorcé(e),Universitaire,14337,Maison,Bon
271,44,Homme,Veuf/Veuve,Primaire,26232,Sans_abri,Bon
272,44,Femme,Veuf/Veuve,Secondaire,26985,Refuge,Bon
273,52,Homme,Célibataire,Aucun,45956,Sans_abri,Bon
274,40,Homme,Veuf/Veuve,Primaire,40338,Maison,Bon
275,20,Femme,Divorcé(e),Primaire,11816,Sans_abri,Bon
276,48,Femme,Divorcé(e),Aucun,44424,Appartement,Moyen
277,19,Homme,Célibataire,Secondaire,NA,Maison,NA
278,40,Homme,Célibataire,Secondaire,14465,Appartement,Bon
279,20,Femme,Veuf/Veuve,Universitaire,20695,Refuge,Moyen
280,26,Homme,Célibataire,Universitaire,34014,Sans_abri,Mauvais
281,56,Femme,Veuf/Veuve,Aucun,15819,Refuge,Moyen
282,47,Femme,Célibataire,Secondaire,39229,Sans_abri,Bon
283,48,Homme,Divorcé(e),Universitaire,14249,Appartement,Bon
284,47,Femme,Veuf/Veuve,Aucun,47296,Appartement,Mauvais
285,26,Homme,Marié(e),Secondaire,41868,Appartement,Moyen
286,53,Homme,Célibataire,Secondaire,39788,Maison,Mauvais
287,51,Femme,Marié(e),Secondaire,Invalid,Sans_abri,Mauvais
288,39,Femme,Célibataire,Primaire,47382,Maison,Bon
289,58,Femme,Divorcé(e),Universitaire,41334,Refuge,Mauvais
290,45,Homme,Célibataire,Universitaire,29151,Refuge,Mauvais
291,46,Femme,Veuf/Veuve,Primaire,36783,Maison,Moyen
292,60,Homme,Célibataire,Universitaire,NA,Refuge,Moyen
293,56,Homme,Veuf/Veuve,Aucun,35165,Refuge,Moyen
294,54,Femme,Marié(e),Secondaire,49077,Maison,Mauvais
295,60,Homme,Veuf/Veuve,Primaire,39341,Sans_abri,Mauvais
296,NA,Homme,Veuf/Veuve,Secondaire,6716,Refuge,Mauvais
297,36,Femme,Marié(e),Secondaire,37894,Appartement,Mauvais
298,29,Homme,Veuf/Veuve,Universitaire,12551,Maison,Mauvais
299,51,Homme,Célibataire,Secondaire,15781,Appartement,Bon
300,38,Femme,Divorcé(e),Universitaire,14996,Refuge,Mauvais
301,34,Homme,Veuf/Veuve,Secondaire,18898,Appartement,Mauvais
302,29,Homme,Divorcé(e),Universitaire,18293,Maison,Moyen
303,47,Femme,Divorcé(e),Primaire,26647,Maison,Bon
304,52,Homme,Célibataire,Primaire,42556,Maison,Mauvais
305,47,Homme,Divorcé(e),Primaire,21546,Sans_abri,Mauvais
306,42,Femme,Veuf/Veuve,Aucun,18391,Sans_abri,Bon
307,20,Femme,Célibataire,Primaire,24792,Maison,Bon
308,35,Femme,Marié(e),Universitaire,12907,Appartement,Moyen
309,49,Femme,Célibataire,Universitaire,5953,Sans_abri,Moyen
310,34,Homme,Marié(e),Aucun,24585,Sans_abri,Bon
311,55,Femme,Célibataire,Primaire,NA,Sans_abri,Moyen
312,59,Homme,Veuf/Veuve,Secondaire,6650,Sans_abri,Mauvais
313,57,Homme,Divorcé(e),Primaire,Invalid,Appartement,Bon
314,59,Femme,Marié(e),Aucun,23795,Sans_abri,Mauvais
315,49,Homme,Marié(e),Aucun,20919,Sans_abri,Bon
316,43,Homme,Veuf/Veuve,Secondaire,24346,Sans_abri,Mauvais
317,30,Femme,Marié(e),Aucun,5341,Appartement,Mauvais
318,37,Femme,Divorcé(e),Aucun,NA,Maison,Moyen
319,55,Femme,Divorcé(e),Universitaire,27448,Refuge,NA
320,37,Femme,Veuf/Veuve,Primaire,19972,Maison,Mauvais
321,46,Homme,Veuf/Veuve,Secondaire,6469,Refuge,Bon
322,37,Homme,Marié(e),Secondaire,32424,Appartement,Mauvais
323,47,Homme,Divorcé(e),Secondaire,8248,Maison,Bon
324,58,Homme,Marié(e),Aucun,37367,Maison,Bon
325,Unknown,Femme,Divorcé(e),Primaire,17151,Sans_abri,Moyen
326,56,Homme,Célibataire,Universitaire,38978,Sans_abri,NA
327,27,Homme,Divorcé(e),Primaire,49407,Refuge,Moyen
328,34,Homme,Célibataire,Aucun,25134,Refuge,Moyen
329,35,Femme,Célibataire,Primaire,15046,Refuge,Mauvais
330,57,Femme,Marié(e),Universitaire,22717,Refuge,Moyen
331,59,Homme,Célibataire,Aucun,21532,Sans_abri,Mauvais
332,28,Femme,Célibataire,Universitaire,9435,Maison,Mauvais
333,19,Homme,Marié(e),Secondaire,19254,Appartement,Moyen
334,36,Homme,Veuf/Veuve,Secondaire,32742,Maison,Mauvais
335,30,Femme,Célibataire,Aucun,32040,Sans_abri,Moyen
336,30,Femme,Divorcé(e),Secondaire,46230,Refuge,Mauvais
337,48,Homme,Veuf/Veuve,Secondaire,46332,Sans_abri,Bon
338,47,Homme,Marié(e),Primaire,21942,Appartement,Mauvais
339,39,Homme,Marié(e),Primaire,12647,Sans_abri,Mauvais
340,47,Femme,Divorcé(e),Universitaire,48006,Maison,Bon
341,27,Femme,Marié(e),Primaire,12072,Sans_abri,NA
342,33,Homme,Célibataire,Aucun,24312,Maison,Moyen
343,NA,Femme,Divorcé(e),Primaire,31651,Maison,Mauvais
344,53,Femme,Divorcé(e),Primaire,21279,Appartement,Mauvais
345,50,Femme,Célibataire,Universitaire,17914,Appartement,Moyen
346,33,Femme,Veuf/Veuve,Universitaire,39691,Appartement,Moyen
347,45,Homme,Veuf/Veuve,Primaire,32415,Appartement,Mauvais
348,29,Femme,Célibataire,Secondaire,32192,Maison,Moyen
349,45,Homme,Divorcé(e),Universitaire,25962,Refuge,Bon
350,19,Femme,Veuf/Veuve,Aucun,28463,Sans_abri,Mauvais
351,29,Homme,Veuf/Veuve,Secondaire,31637,Sans_abri,Bon
352,23,Femme,Célibataire,Primaire,5651,Refuge,Mauvais
353,33,Homme,Célibataire,Primaire,20819,Appartement,Moyen
354,32,Homme,Veuf/Veuve,Primaire,34304,Refuge,Moyen
355,36,Femme,Célibataire,Primaire,11533,Maison,Bon
356,NA,Homme,Divorcé(e),Primaire,31706,Sans_abri,Bon
357,50,Femme,Marié(e),Universitaire,13651,Maison,Bon
358,Unknown,Homme,Célibataire,Universitaire,17209,Appartement,Mauvais
359,28,Femme,Célibataire,Universitaire,34527,Appartement,Moyen
360,53,Homme,Divorcé(e),Aucun,40560,Refuge,Moyen
361,NA,Femme,Célibataire,Secondaire,16234,Refuge,Mauvais
362,59,Femme,Célibataire,Aucun,5650,Maison,Bon
363,41,Homme,Veuf/Veuve,Aucun,21999,Maison,Mauvais
364,45,Femme,Célibataire,Primaire,31702,Sans_abri,NA
365,NA,Femme,Veuf/Veuve,Primaire,13775,Refuge,Bon
366,35,Homme,Veuf/Veuve,Universitaire,30712,Appartement,Bon
367,34,Homme,Veuf/Veuve,Secondaire,13422,Maison,Mauvais
368,37,Homme,Célibataire,Secondaire,46963,Maison,Mauvais
369,26,Homme,Veuf/Veuve,Universitaire,NA,Refuge,NA
370,28,Homme,Célibataire,Secondaire,48349,Refuge,Bon
371,25,Femme,Marié(e),Secondaire,27917,Maison,Moyen
372,22,Femme,Veuf/Veuve,Universitaire,6025,Refuge,Bon
373,46,Homme,Divorcé(e),Universitaire,38438,Appartement,Mauvais
374,23,Homme,Divorcé(e),Secondaire,27552,Appartement,Mauvais
375,27,Homme,Célibataire,Primaire,39590,Refuge,NA
376,43,Femme,Veuf/Veuve,Aucun,24047,Appartement,Bon
377,26,Homme,Veuf/Veuve,Secondaire,33165,Maison,Moyen
378,28,Homme,Célibataire,Primaire,49599,Sans_abri,Moyen
379,23,Femme,Divorcé(e),Secondaire,30137,Sans_abri,Moyen
380,49,Femme,Marié(e),Aucun,20284,Maison,Moyen
381,29,Femme,Veuf/Veuve,Universitaire,16999,Sans_abri,Mauvais
382,36,Homme,Célibataire,Primaire,39379,Sans_abri,Bon
383,44,Homme,Divorcé(e),Primaire,39121,Sans_abri,Moyen
384,49,Homme,Veuf/Veuve,Secondaire,36241,Maison,Bon
385,44,Femme,Marié(e),Secondaire,40133,Refuge,Moyen
386,47,Homme,Marié(e),Aucun,48261,Refuge,Mauvais
387,21,Femme,Divorcé(e),Secondaire,22753,Sans_abri,NA
388,41,Homme,Marié(e),Aucun,21784,Sans_abri,Mauvais
389,NA,Homme,Veuf/Veuve,Universitaire,32964,Appartement,Mauvais
390,20,Femme,Célibataire,Primaire,42224,Sans_abri,Moyen
391,57,Femme,Célibataire,Secondaire,29607,Sans_abri,Mauvais
392,23,Femme,Célibataire,Aucun,45918,Refuge,Mauvais
393,53,Homme,Célibataire,Primaire,13866,Refuge,Moyen
394,59,Femme,Célibataire,Primaire,9995,Maison,Mauvais
395,47,Femme,Marié(e),Universitaire,47902,Sans_abri,Bon
396,27,Femme,Veuf/Veuve,Aucun,27654,Refuge,Bon
397,42,Femme,Célibataire,Aucun,30542,Sans_abri,Mauvais
398,55,Homme,Divorcé(e),Aucun,32309,Sans_abri,Mauvais
399,53,Femme,Célibataire,Secondaire,42760,Appartement,Mauvais
400,NA,Femme,Divorcé(e),Aucun,30926,Maison,Bon
401,42,Homme,Veuf/Veuve,Universitaire,25188,Refuge,Moyen
402,21,Femme,Veuf/Veuve,Aucun,41455,Sans_abri,Bon
403,32,Femme,Marié(e),Aucun,13533,Maison,Moyen
404,NA,Femme,Divorcé(e),Secondaire,34241,Refuge,Mauvais
405,41,Femme,Veuf/Veuve,Primaire,32343,Sans_abri,Bon
406,56,Homme,Célibataire,Primaire,14254,Sans_abri,Mauvais
407,54,Homme,Divorcé(e),Primaire,34965,Refuge,Bon
408,32,Homme,Marié(e),Secondaire,10435,Refuge,Moyen
409,33,Femme,Célibataire,Secondaire,23145,Refuge,Mauvais
410,36,Homme,Divorcé(e),Universitaire,13815,Appartement,Moyen
411,25,Homme,Marié(e),Universitaire,21400,Sans_abri,Moyen
412,48,Femme,Divorcé(e),Primaire,35360,Maison,Moyen
413,54,Femme,Divorcé(e),Secondaire,44987,Refuge,Bon
414,NA,Homme,Marié(e),Universitaire,Invalid,Refuge,Mauvais
415,33,Homme,Célibataire,Aucun,24899,Refuge,Bon
416,26,Homme,Veuf/Veuve,Secondaire,12505,Refuge,Mauvais
417,28,Femme,Célibataire,Universitaire,NA,Refuge,Mauvais
418,60,Femme,Célibataire,Aucun,30645,Appartement,Moyen
419,NA,Femme,Marié(e),Secondaire,20253,Sans_abri,Mauvais
420,NA,Homme,Veuf/Veuve,Secondaire,NA,Sans_abri,Mauvais
421,51,Femme,Célibataire,Primaire,11742,Sans_abri,Moyen
422,55,Femme,Marié(e),Primaire,19783,Appartement,Moyen
423,37,Femme,Célibataire,Primaire,44818,Appartement,Mauvais
424,31,Femme,Marié(e),Universitaire,23459,Refuge,Bon
425,23,Femme,Veuf/Veuve,Aucun,46840,Appartement,Bon
426,35,Femme,Divorcé(e),Aucun,48461,Sans_abri,Bon
427,19,Femme,Divorcé(e),Secondaire,34259,Appartement,Moyen
428,25,Homme,Divorcé(e),Aucun,NA,Sans_abri,Bon
429,28,Homme,Veuf/Veuve,Secondaire,NA,Appartement,Mauvais
430,38,Homme,Célibataire,Primaire,46511,Maison,Bon
431,24,Homme,Célibataire,Primaire,35687,Appartement,Bon
432,40,Homme,Marié(e),Aucun,25338,Maison,Moyen
433,25,Femme,Célibataire,Primaire,20812,Sans_abri,Bon
434,27,Homme,Marié(e),Secondaire,36242,Maison,Moyen
435,54,Homme,Célibataire,Secondaire,44933,Refuge,Bon
436,34,Homme,Célibataire,Aucun,17790,Appartement,Bon
437,23,Homme,Célibataire,Universitaire,35569,Refuge,Mauvais
438,57,Homme,Marié(e),Primaire,26484,Sans_abri,Mauvais
439,23,Homme,Marié(e),Aucun,NA,Maison,Moyen
440,45,Homme,Veuf/Veuve,Universitaire,39763,Maison,Bon
441,Unknown,Homme,Veuf/Veuve,Aucun,13738,Sans_abri,NA
442,52,Femme,Veuf/Veuve,Aucun,19396,Maison,Moyen
443,45,Homme,Divorcé(e),Primaire,42310,Refuge,Bon
444,37,Homme,Veuf/Veuve,Primaire,6296,Appartement,Mauvais
445,18,Homme,Divorcé(e),Universitaire,21803,Refuge,Mauvais
446,22,Homme,Veuf/Veuve,Universitaire,48208,Appartement,Moyen
447,28,Homme,Divorcé(e),Secondaire,25993,Maison,Moyen
448,37,Homme,Célibataire,Aucun,7137,Maison,Bon
449,19,Homme,Célibataire,Primaire,14284,Sans_abri,Bon
450,27,Femme,Marié(e),Universitaire,31811,Refuge,Bon
451,24,Femme,Célibataire,Universitaire,29968,Refuge,Moyen
452,55,Homme,Veuf/Veuve,Universitaire,33820,Maison,Mauvais
453,53,Homme,Célibataire,Secondaire,33528,Refuge,Mauvais
454,40,Femme,Célibataire,Secondaire,39279,Refuge,Mauvais
455,NA,Homme,Veuf/Veuve,Secondaire,20315,Appartement,Bon
456,41,Homme,Marié(e),Secondaire,32451,Maison,Bon
457,21,Femme,Célibataire,Primaire,39824,Maison,Mauvais
458,46,Homme,Célibataire,Universitaire,10924,Appartement,Mauvais
459,40,Femme,Célibataire,Primaire,16699,Sans_abri,Bon
460,28,Homme,Célibataire,Primaire,42969,Sans_abri,Moyen
461,50,Femme,Divorcé(e),Secondaire,48603,Refuge,Moyen
462,20,Homme,Marié(e),Secondaire,26018,Refuge,Bon
463,50,Homme,Marié(e),Aucun,17690,Sans_abri,Bon
464,47,Femme,Célibataire,Secondaire,8618,Appartement,Moyen
465,51,Femme,Veuf/Veuve,Secondaire,6692,Appartement,Mauvais
466,19,Homme,Marié(e),Aucun,45617,Maison,Mauvais
467,Unknown,Femme,Veuf/Veuve,Universitaire,34367,Sans_abri,Bon
468,37,Homme,Marié(e),Primaire,30200,Refuge,Mauvais
469,31,Femme,Célibataire,Aucun,15338,Sans_abri,Bon
470,42,Femme,Divorcé(e),Secondaire,10381,Sans_abri,Moyen
471,24,Homme,Divorcé(e),Secondaire,24967,Sans_abri,Bon
472,57,Femme,Marié(e),Primaire,47868,Refuge,Bon
473,52,Homme,Veuf/Veuve,Aucun,6410,Refuge,Mauvais
474,48,Homme,Divorcé(e),Secondaire,NA,Appartement,NA
475,NA,Femme,Marié(e),Secondaire,48792,Appartement,Moyen
476,33,Homme,Célibataire,Secondaire,35863,Sans_abri,Bon
477,39,Homme,Célibataire,Aucun,11549,Sans_abri,NA
478,Unknown,Femme,Divorcé(e),Primaire,16376,Refuge,Moyen
479,50,Homme,Veuf/Veuve,Universitaire,32946,Sans_abri,Moyen
480,48,Homme,Marié(e),Primaire,24561,Appartement,Moyen
481,25,Femme,Marié(e),Primaire,17440,Refuge,Moyen
482,NA,Femme,Veuf/Veuve,Aucun,46614,Sans_abri,Mauvais
483,47,Femme,Veuf/Veuve,Secondaire,6814,Sans_abri,Mauvais
484,40,Homme,Divorcé(e),Universitaire,16209,Sans_abri,Mauvais
485,54,Homme,Divorcé(e),Aucun,7897,Refuge,Mauvais
486,49,Homme,Veuf/Veuve,Secondaire,12531,Maison,Bon
487,34,Homme,Divorcé(e),Primaire,31532,Appartement,Mauvais
488,43,Femme,Marié(e),Aucun,29988,Maison,Bon
489,60,Femme,Veuf/Veuve,Secondaire,7602,Sans_abri,Bon
490,40,Femme,Célibataire,Universitaire,15061,Appartement,Mauvais
491,43,Femme,Marié(e),Universitaire,33652,Appartement,Moyen
492,53,Femme,Célibataire,Secondaire,32661,Refuge,Mauvais
493,25,Femme,Divorcé(e),Secondaire,36044,Refuge,NA
494,32,Homme,Veuf/Veuve,Aucun,34265,Sans_abri,Bon
495,53,Femme,Divorcé(e),Universitaire,47271,Appartement,Mauvais
496,20,Femme,Marié(e),Secondaire,49732,Sans_abri,Bon
497,56,Femme,Célibataire,Universitaire,36275,Maison,Bon
498,50,Homme,Veuf/Veuve,Aucun,44055,Sans_abri,Mauvais
499,55,Femme,Célibataire,Primaire,24532,Sans_abri,Mauvais
500,43,Homme,Veuf/Veuve,Secondaire,22819,Refuge,Bon
501,45,Femme,Célibataire,Primaire,21556,Appartement,Mauvais
502,43,Homme,Veuf/Veuve,Aucun,18612,Refuge,Moyen
503,34,Femme,Divorcé(e),Primaire,44822,Maison,Mauvais
504,40,Homme,Marié(e),Secondaire,44030,Sans_abri,Mauvais
505,55,Homme,Divorcé(e),Universitaire,9980,Sans_abri,Moyen
506,27,Homme,Célibataire,Primaire,15615,Appartement,Bon
507,55,Homme,Divorcé(e),Secondaire,11581,Appartement,Moyen
508,58,Femme,Veuf/Veuve,Secondaire,NA,Maison,Moyen
509,25,Homme,Célibataire,Primaire,34378,Refuge,Mauvais
510,18,Femme,Marié(e),Aucun,23434,Maison,Bon
511,33,Femme,Divorcé(e),Universitaire,10200,Appartement,Moyen
512,19,Femme,Veuf/Veuve,Secondaire,46071,Appartement,Moyen
513,57,Femme,Marié(e),Aucun,27858,Appartement,Moyen
514,31,Homme,Veuf/Veuve,Primaire,33271,Sans_abri,Bon
515,29,Homme,Divorcé(e),Primaire,8055,Refuge,Mauvais
516,43,Homme,Célibataire,Secondaire,24639,Appartement,Bon
517,25,Femme,Divorcé(e),Aucun,36085,Maison,Moyen
518,58,Homme,Veuf/Veuve,Secondaire,21612,Maison,Mauvais
519,25,Homme,Divorcé(e),Universitaire,35339,Refuge,Moyen
520,26,Femme,Marié(e),Aucun,40465,Refuge,Moyen
521,NA,Homme,Divorcé(e),Secondaire,42757,Sans_abri,Bon
522,20,Homme,Divorcé(e),Secondaire,5902,Appartement,Bon
523,57,Femme,Veuf/Veuve,Secondaire,25418,Refuge,Moyen
524,19,Homme,Célibataire,Universitaire,41530,Sans_abri,Bon
525,18,Femme,Divorcé(e),Primaire,19207,Appartement,Moyen
526,26,Homme,Célibataire,Primaire,26494,Maison,Bon
527,Unknown,Femme,Veuf/Veuve,Secondaire,26882,Sans_abri,Moyen
528,30,Homme,Divorcé(e),Universitaire,33852,Maison,NA
529,46,Femme,Marié(e),Universitaire,29349,Maison,Bon
530,37,Femme,Veuf/Veuve,Secondaire,9835,Appartement,Bon
531,31,Homme,Marié(e),Aucun,20912,Refuge,Mauvais
532,33,Femme,Veuf/Veuve,Universitaire,36790,Sans_abri,Bon
533,24,Homme,Divorcé(e),Aucun,32970,Maison,Mauvais
534,53,Homme,Célibataire,Primaire,36390,Sans_abri,NA
535,29,Homme,Célibataire,Secondaire,25136,Maison,Bon
536,42,Femme,Veuf/Veuve,Universitaire,7865,Refuge,Bon
537,44,Femme,Divorcé(e),Secondaire,31610,Sans_abri,Mauvais
538,30,Homme,Marié(e),Primaire,41011,Appartement,Mauvais
539,37,Femme,Veuf/Veuve,Universitaire,NA,Maison,Bon
540,27,Femme,Célibataire,Secondaire,28824,Appartement,Bon
541,47,Homme,Divorcé(e),Secondaire,26170,Refuge,Moyen
542,58,Femme,Marié(e),Aucun,41586,Appartement,Moyen
543,29,Homme,Marié(e),Secondaire,6388,Refuge,Mauvais
544,25,Homme,Marié(e),Primaire,25866,Refuge,Moyen
545,24,Homme,Divorcé(e),Universitaire,8362,Appartement,Mauvais
546,32,Homme,Veuf/Veuve,Primaire,5962,Appartement,Mauvais
547,36,Femme,Marié(e),Aucun,39315,Appartement,Mauvais
548,60,Femme,Divorcé(e),Secondaire,19627,Sans_abri,Moyen
549,56,Homme,Marié(e),Secondaire,11026,Maison,Bon
550,40,Homme,Célibataire,Aucun,22929,Sans_abri,Moyen
551,52,Homme,Célibataire,Secondaire,8965,Sans_abri,Moyen
552,23,Femme,Célibataire,Primaire,8625,Refuge,Moyen
553,24,Homme,Veuf/Veuve,Primaire,22451,Appartement,Mauvais
554,21,Homme,Marié(e),Primaire,33394,Appartement,Moyen
555,27,Homme,Divorcé(e),Aucun,38016,Sans_abri,Bon
556,34,Femme,Divorcé(e),Universitaire,48368,Appartement,Mauvais
557,25,Femme,Divorcé(e),Secondaire,10516,Appartement,Moyen
558,20,Homme,Veuf/Veuve,Aucun,28495,Maison,Moyen
559,NA,Femme,Veuf/Veuve,Aucun,45552,Maison,Bon
560,NA,Homme,Marié(e),Aucun,34921,Sans_abri,Mauvais
561,45,Femme,Marié(e),Aucun,5960,Refuge,Mauvais
562,Unknown,Femme,Célibataire,Aucun,19692,Refuge,Mauvais
563,26,Femme,Veuf/Veuve,Primaire,41883,Refuge,Mauvais
564,50,Femme,Marié(e),Secondaire,9616,Appartement,Bon
565,36,Homme,Divorcé(e),Universitaire,43369,Refuge,NA
566,54,Homme,Célibataire,Aucun,33635,Maison,Bon
567,51,Homme,Marié(e),Universitaire,9244,Maison,Bon
568,18,Femme,Divorcé(e),Primaire,25103,Appartement,NA
569,45,Homme,Célibataire,Primaire,34151,Appartement,Moyen
570,47,Femme,Divorcé(e),Universitaire,6070,Maison,Moyen
571,21,Homme,Divorcé(e),Aucun,36951,Appartement,Mauvais
572,43,Femme,Divorcé(e),Aucun,23122,Appartement,Moyen
573,28,Femme,Célibataire,Secondaire,5115,Refuge,Moyen
574,22,Homme,Célibataire,Aucun,41592,Maison,Moyen
575,53,Femme,Divorcé(e),Aucun,20637,Sans_abri,Mauvais
576,36,Homme,Marié(e),Universitaire,17312,Sans_abri,Moyen
577,52,Femme,Veuf/Veuve,Universitaire,48017,Appartement,Mauvais
578,50,Homme,Divorcé(e),Secondaire,23048,Appartement,Mauvais
579,56,Femme,Célibataire,Aucun,23391,Refuge,Mauvais
580,22,Homme,Célibataire,Aucun,45547,Sans_abri,Mauvais
581,40,Homme,Veuf/Veuve,Universitaire,45637,Maison,Mauvais
582,58,Homme,Veuf/Veuve,Secondaire,49977,Appartement,Mauvais
583,42,Femme,Veuf/Veuve,Primaire,41541,Appartement,Mauvais
584,38,Femme,Célibataire,Primaire,NA,Appartement,Bon
585,22,Homme,Célibataire,Primaire,15044,Appartement,Moyen
586,29,Femme,Célibataire,Secondaire,46443,Sans_abri,Moyen
587,19,Homme,Veuf/Veuve,Secondaire,7878,Maison,NA
588,35,Femme,Divorcé(e),Aucun,44146,Refuge,Bon
589,21,Femme,Divorcé(e),Secondaire,8830,Sans_abri,Moyen
590,59,Femme,Veuf/Veuve,Primaire,31769,Refuge,Bon
591,NA,Femme,Veuf/Veuve,Secondaire,7583,Maison,NA
592,25,Homme,Divorcé(e),Aucun,22118,Appartement,NA
593,18,Homme,Veuf/Veuve,Aucun,19340,Refuge,Bon
594,28,Homme,Divorcé(e),Primaire,23365,Appartement,Bon
595,54,Homme,Marié(e),Primaire,19487,Maison,Mauvais
596,28,Femme,Divorcé(e),Primaire,9453,Refuge,Moyen
597,32,Femme,Divorcé(e),Primaire,12184,Sans_abri,Mauvais
598,32,Femme,Célibataire,Primaire,35888,Appartement,Bon
599,59,Femme,Célibataire,Primaire,32218,Sans_abri,Moyen
600,32,Femme,Veuf/Veuve,Universitaire,33850,Refuge,Bon
601,NA,Homme,Marié(e),Aucun,41037,Maison,NA
602,58,Femme,Célibataire,Secondaire,48622,Refuge,Mauvais
603,42,Femme,Divorcé(e),Universitaire,48227,Refuge,Mauvais
604,53,Homme,Marié(e),Aucun,7761,Sans_abri,Mauvais
605,20,Homme,Célibataire,Secondaire,33199,Refuge,Moyen
606,24,Homme,Divorcé(e),Secondaire,45165,Appartement,Bon
607,21,Femme,Célibataire,Secondaire,29607,Appartement,Mauvais
608,57,Homme,Célibataire,Primaire,NA,Appartement,Mauvais
609,54,Femme,Divorcé(e),Universitaire,10617,Sans_abri,Mauvais
610,41,Homme,Veuf/Veuve,Primaire,20273,Appartement,Mauvais
611,Unknown,Femme,Veuf/Veuve,Universitaire,34598,Refuge,Moyen
612,21,Homme,Divorcé(e),Aucun,NA,Sans_abri,Moyen
613,20,Homme,Marié(e),Primaire,47164,Refuge,Mauvais
614,NA,Homme,Veuf/Veuve,Aucun,8528,Refuge,Bon
615,27,Homme,Célibataire,Secondaire,45927,Sans_abri,Bon
616,46,Homme,Veuf/Veuve,Secondaire,31012,Refuge,Mauvais
617,40,Femme,Divorcé(e),Aucun,37075,Refuge,Bon
618,22,Femme,Divorcé(e),Primaire,26809,Sans_abri,Moyen
619,41,Femme,Marié(e),Universitaire,30206,Appartement,Bon
620,49,Homme,Veuf/Veuve,Primaire,15286,Appartement,Mauvais
621,NA,Homme,Divorcé(e),Primaire,48558,Appartement,NA
622,28,Femme,Veuf/Veuve,Secondaire,12230,Maison,Bon
623,27,Homme,Veuf/Veuve,Aucun,23182,Maison,Moyen
624,32,Femme,Divorcé(e),Secondaire,16826,Appartement,Mauvais
625,48,Homme,Divorcé(e),Aucun,17576,Maison,Moyen
626,27,Homme,Célibataire,Universitaire,28345,Appartement,Moyen
627,41,Homme,Marié(e),Primaire,25561,Maison,Moyen
628,52,Femme,Divorcé(e),Secondaire,NA,Maison,Moyen
629,27,Homme,Veuf/Veuve,Secondaire,31212,Appartement,Bon
630,25,Femme,Divorcé(e),Aucun,Invalid,Sans_abri,Mauvais
631,59,Homme,Marié(e),Aucun,40665,Refuge,Moyen
632,49,Femme,Divorcé(e),Primaire,11535,Sans_abri,Moyen
633,56,Homme,Célibataire,Primaire,10165,Sans_abri,Bon
634,24,Femme,Célibataire,Universitaire,43970,Maison,Mauvais
635,55,Homme,Veuf/Veuve,Aucun,39158,Sans_abri,NA
636,34,Homme,Divorcé(e),Secondaire,32611,Appartement,Bon
637,37,Femme,Marié(e),Primaire,38741,Refuge,Moyen
638,50,Femme,Marié(e),Secondaire,24173,Maison,Mauvais
639,54,Homme,Célibataire,Aucun,26803,Appartement,Mauvais
640,27,Homme,Célibataire,Primaire,28936,Sans_abri,Mauvais
641,27,Homme,Célibataire,Secondaire,29550,Maison,Moyen
642,19,Femme,Veuf/Veuve,Primaire,19818,Sans_abri,Moyen
643,32,Homme,Veuf/Veuve,Secondaire,40217,Refuge,Mauvais
644,40,Femme,Divorcé(e),Primaire,NA,Appartement,Mauvais
645,57,Femme,Veuf/Veuve,Universitaire,46740,Refuge,Bon
646,52,Homme,Célibataire,Primaire,Invalid,Refuge,Moyen
647,19,Femme,Célibataire,Aucun,47974,Appartement,Moyen
648,23,Femme,Divorcé(e),Secondaire,16951,Appartement,Bon
649,26,Femme,Marié(e),Universitaire,32603,Sans_abri,Mauvais
650,40,Homme,Divorcé(e),Primaire,Invalid,Appartement,Mauvais
651,42,Femme,Marié(e),Aucun,12749,Maison,Mauvais
652,32,Femme,Divorcé(e),Aucun,29259,Maison,Moyen
653,Unknown,Femme,Divorcé(e),Universitaire,42140,Sans_abri,Mauvais
654,25,Femme,Divorcé(e),Primaire,16837,Maison,Mauvais
655,46,Femme,Célibataire,Primaire,33214,Maison,Moyen
656,58,Femme,Veuf/Veuve,Aucun,7201,Appartement,Mauvais
657,Unknown,Homme,Veuf/Veuve,Primaire,26465,Appartement,Moyen
658,26,Femme,Marié(e),Aucun,13177,Sans_abri,Bon
659,51,Homme,Divorcé(e),Secondaire,12631,Maison,Moyen
660,58,Homme,Célibataire,Universitaire,32065,Refuge,Moyen
661,60,Homme,Divorcé(e),Aucun,30017,Refuge,Moyen
662,28,Femme,Divorcé(e),Aucun,32231,Sans_abri,Mauvais
663,21,Homme,Divorcé(e),Primaire,44319,Appartement,Mauvais
664,24,Homme,Célibataire,Aucun,10098,Appartement,Bon
665,28,Homme,Veuf/Veuve,Primaire,7177,Appartement,Moyen
666,50,Homme,Divorcé(e),Secondaire,23523,Maison,Moyen
667,28,Homme,Célibataire,Secondaire,26202,Sans_abri,Mauvais
668,55,Femme,Divorcé(e),Primaire,15509,Appartement,Bon
669,38,Homme,Veuf/Veuve,Universitaire,41521,Maison,Bon
670,27,Femme,Divorcé(e),Primaire,31842,Refuge,Moyen
671,20,Homme,Veuf/Veuve,Aucun,38152,Maison,Bon
672,52,Homme,Divorcé(e),Primaire,37486,Sans_abri,Mauvais
673,51,Femme,Célibataire,Aucun,23827,Sans_abri,Moyen
674,57,Femme,Célibataire,Universitaire,36184,Sans_abri,Bon
675,45,Homme,Divorcé(e),Aucun,18094,Sans_abri,Bon
676,30,Homme,Célibataire,Secondaire,40427,Sans_abri,Bon
677,25,Homme,Marié(e),Secondaire,17098,Maison,Bon
678,19,Femme,Divorcé(e),Universitaire,5422,Maison,Mauvais
679,23,Homme,Célibataire,Secondaire,47984,Sans_abri,Bon
680,40,Femme,Célibataire,Universitaire,25497,Appartement,Mauvais
681,Unknown,Homme,Veuf/Veuve,Secondaire,31693,Sans_abri,Moyen
682,49,Femme,Célibataire,Aucun,49894,Maison,Bon
683,31,Femme,Veuf/Veuve,Aucun,47636,Maison,Bon
684,24,Femme,Divorcé(e),Universitaire,44177,Refuge,Moyen
685,30,Homme,Divorcé(e),Aucun,42870,Refuge,Bon
686,25,Femme,Divorcé(e),Secondaire,41961,Maison,Bon
687,55,Homme,Veuf/Veuve,Secondaire,30680,Refuge,Mauvais
688,28,Femme,Veuf/Veuve,Secondaire,41023,Maison,Moyen
689,59,Femme,Marié(e),Primaire,38804,Refuge,Moyen
690,34,Femme,Veuf/Veuve,Secondaire,22116,Refuge,Bon
691,24,Femme,Célibataire,Primaire,23881,Appartement,Moyen
692,36,Homme,Marié(e),Universitaire,28658,Refuge,Moyen
693,57,Homme,Veuf/Veuve,Secondaire,37228,Refuge,Bon
694,32,Femme,Marié(e),Primaire,22813,Refuge,Bon
695,31,Homme,Divorcé(e),Primaire,37432,Appartement,Bon
696,43,Homme,Divorcé(e),Primaire,31275,Appartement,Moyen
697,44,Homme,Marié(e),Aucun,15894,Refuge,Mauvais
698,34,Homme,Divorcé(e),Primaire,29957,Maison,Mauvais
699,50,Homme,Célibataire,Primaire,21786,Appartement,Bon
700,35,Femme,Veuf/Veuve,Universitaire,30266,Sans_abri,Bon
701,37,Homme,Veuf/Veuve,Secondaire,35606,Maison,Bon
702,44,Femme,Divorcé(e),Aucun,18361,Refuge,Bon
703,59,Homme,Célibataire,Universitaire,43351,Refuge,Bon
704,27,Femme,Veuf/Veuve,Aucun,8505,Refuge,Mauvais
705,26,Homme,Marié(e),Secondaire,5104,Refuge,Bon
706,48,Homme,Veuf/Veuve,Secondaire,5829,Appartement,Mauvais
707,36,Homme,Veuf/Veuve,Aucun,NA,Refuge,Moyen
708,Unknown,Homme,Célibataire,Secondaire,34581,Maison,Mauvais
709,NA,Femme,Marié(e),Universitaire,29663,Sans_abri,Mauvais
710,38,Femme,Divorcé(e),Universitaire,34349,Maison,Bon
711,46,Femme,Célibataire,Aucun,16672,Refuge,Moyen
712,53,Homme,Célibataire,Universitaire,48131,Appartement,Mauvais
713,37,Homme,Célibataire,Primaire,44591,Maison,Bon
714,40,Femme,Célibataire,Primaire,40151,Appartement,Mauvais
715,59,Homme,Divorcé(e),Aucun,21255,Sans_abri,Bon
716,22,Homme,Célibataire,Universitaire,31757,Maison,Bon
717,19,Homme,Marié(e),Primaire,16560,Refuge,Mauvais
718,35,Homme,Célibataire,Aucun,27435,Refuge,Mauvais
719,29,Femme,Divorcé(e),Primaire,10258,Maison,Bon
720,30,Homme,Divorcé(e),Primaire,12035,Appartement,Mauvais
721,60,Homme,Divorcé(e),Primaire,30372,Maison,Bon
722,55,Homme,Divorcé(e),Primaire,27792,Sans_abri,Mauvais
723,35,Homme,Célibataire,Primaire,22606,Sans_abri,Mauvais
724,27,Femme,Veuf/Veuve,Aucun,19385,Refuge,Bon
725,26,Homme,Marié(e),Primaire,NA,Sans_abri,Bon
726,52,Femme,Célibataire,Universitaire,28609,Refuge,Mauvais
727,46,Femme,Marié(e),Universitaire,11534,Appartement,Mauvais
728,39,Homme,Marié(e),Primaire,NA,Appartement,Moyen
729,36,Homme,Veuf/Veuve,Primaire,6475,Sans_abri,Mauvais
730,25,Femme,Divorcé(e),Aucun,7856,Maison,Bon
731,50,Femme,Marié(e),Primaire,19903,Appartement,NA
732,19,Femme,Célibataire,Secondaire,15776,Appartement,Mauvais
733,60,Homme,Divorcé(e),Primaire,13209,Sans_abri,Mauvais
734,22,Homme,Célibataire,Universitaire,33570,Maison,Moyen
735,38,Femme,Divorcé(e),Aucun,Invalid,Maison,Bon
736,48,Homme,Veuf/Veuve,Primaire,13880,Sans_abri,Moyen
737,53,Femme,Célibataire,Universitaire,25292,Refuge,Bon
738,44,Femme,Marié(e),Secondaire,32904,Refuge,Moyen
739,40,Homme,Divorcé(e),Aucun,8941,Refuge,Moyen
740,NA,Femme,Veuf/Veuve,Primaire,46152,Maison,Bon
741,32,Femme,Marié(e),Universitaire,32199,Refuge,Moyen
742,59,Homme,Divorcé(e),Aucun,29941,Maison,Moyen
743,56,Femme,Veuf/Veuve,Primaire,31847,Refuge,Bon
744,24,Homme,Veuf/Veuve,Primaire,6867,Maison,Moyen
745,51,Homme,Marié(e),Universitaire,30375,Maison,Mauvais
746,48,Femme,Veuf/Veuve,Universitaire,47294,Appartement,Mauvais
747,35,Homme,Marié(e),Aucun,NA,Maison,Moyen
748,35,Femme,Marié(e),Aucun,33370,Maison,Moyen
749,52,Femme,Divorcé(e),Primaire,28903,Maison,Moyen
750,57,Homme,Veuf/Veuve,Secondaire,31198,Appartement,NA
751,26,Homme,Veuf/Veuve,Primaire,30810,Appartement,Moyen
752,32,Homme,Marié(e),Aucun,12188,Appartement,Bon
753,34,Homme,Marié(e),Primaire,11675,Refuge,Moyen
754,24,Femme,Veuf/Veuve,Aucun,NA,Refuge,Bon
755,47,Femme,Divorcé(e),Primaire,27397,Refuge,Mauvais
756,25,Homme,Veuf/Veuve,Aucun,23469,Refuge,Mauvais
757,18,Homme,Divorcé(e),Aucun,NA,Appartement,Mauvais
758,26,Femme,Divorcé(e),Secondaire,47330,Appartement,Moyen
759,52,Femme,Veuf/Veuve,Universitaire,17012,Appartement,Moyen
760,42,Homme,Marié(e),Universitaire,48015,Maison,Moyen
761,19,Homme,Divorcé(e),Primaire,25314,Refuge,Moyen
762,28,Femme,Célibataire,Universitaire,33795,Refuge,Mauvais
763,21,Femme,Marié(e),Universitaire,47191,Sans_abri,Bon
764,57,Femme,Marié(e),Aucun,13118,Appartement,Moyen
765,37,Femme,Marié(e),Universitaire,48382,Sans_abri,Bon
766,28,Homme,Veuf/Veuve,Secondaire,12703,Maison,Bon
767,35,Femme,Divorcé(e),Aucun,25035,Appartement,Mauvais
768,31,Femme,Célibataire,Universitaire,33126,Refuge,Bon
769,20,Femme,Veuf/Veuve,Universitaire,31349,Refuge,NA
770,45,Femme,Célibataire,Aucun,44970,Refuge,NA
771,20,Femme,Veuf/Veuve,Universitaire,49478,Refuge,Mauvais
772,NA,Homme,Divorcé(e),Universitaire,47431,Refuge,Mauvais
773,46,Homme,Célibataire,Secondaire,44953,Appartement,Mauvais
774,NA,Homme,Marié(e),Primaire,40149,Maison,Mauvais
775,40,Femme,Célibataire,Universitaire,33783,Appartement,Moyen
776,32,Homme,Veuf/Veuve,Secondaire,14042,Refuge,Moyen
777,40,Homme,Célibataire,Universitaire,25497,Refuge,Bon
778,41,Femme,Divorcé(e),Secondaire,17593,Refuge,Mauvais
779,57,Homme,Célibataire,Primaire,30077,Refuge,Moyen
780,50,Femme,Célibataire,Primaire,24640,Refuge,Mauvais
781,54,Homme,Marié(e),Secondaire,32658,Refuge,Mauvais
782,46,Femme,Veuf/Veuve,Secondaire,15023,Sans_abri,Moyen
783,23,Homme,Marié(e),Aucun,22489,Refuge,Moyen
784,42,Homme,Divorcé(e),Aucun,NA,Appartement,Moyen
785,59,Femme,Divorcé(e),Secondaire,43310,Appartement,Mauvais
786,43,Homme,Veuf/Veuve,Universitaire,27484,Appartement,Moyen
787,41,Homme,Divorcé(e),Primaire,8302,Maison,Moyen
788,49,Femme,Veuf/Veuve,Primaire,49916,Appartement,Bon
789,25,Femme,Divorcé(e),Primaire,27393,Maison,Mauvais
790,33,Homme,Divorcé(e),Secondaire,47653,Refuge,Moyen
791,56,Femme,Marié(e),Primaire,23895,Refuge,Mauvais
792,49,Homme,Célibataire,Aucun,37192,Refuge,Mauvais
793,56,Femme,Veuf/Veuve,Secondaire,16819,Appartement,Moyen
794,18,Homme,Veuf/Veuve,Primaire,23973,Appartement,Moyen
795,47,Homme,Veuf/Veuve,Primaire,48331,Refuge,Moyen
796,42,Homme,Veuf/Veuve,Primaire,14214,Refuge,Bon
797,60,Homme,Marié(e),Primaire,41772,Refuge,Bon
798,20,Femme,Veuf/Veuve,Secondaire,27604,Refuge,Mauvais
799,39,Homme,Divorcé(e),Primaire,37614,Appartement,Mauvais
800,34,Homme,Divorcé(e),Aucun,44897,Refuge,Moyen
801,37,Femme,Marié(e),Universitaire,41809,Sans_abri,Bon
802,52,Homme,Veuf/Veuve,Primaire,34635,Sans_abri,Mauvais
803,31,Homme,Marié(e),Primaire,47881,Sans_abri,Moyen
804,54,Femme,Marié(e),Aucun,12816,Maison,NA
805,41,Femme,Marié(e),Universitaire,27064,Sans_abri,Bon
806,47,Femme,Marié(e),Primaire,16015,Appartement,Bon
807,25,Femme,Divorcé(e),Primaire,12183,Refuge,Bon
808,37,Femme,Divorcé(e),Aucun,16055,Sans_abri,Bon
809,27,Femme,Marié(e),Secondaire,Invalid,Maison,Mauvais
810,39,Femme,Divorcé(e),Aucun,23665,Appartement,Moyen
811,34,Homme,Célibataire,Secondaire,28342,Sans_abri,Mauvais
812,26,Femme,Veuf/Veuve,Primaire,29863,Sans_abri,Mauvais
813,52,Homme,Célibataire,Aucun,Invalid,Appartement,Bon
814,54,Homme,Veuf/Veuve,Universitaire,46797,Maison,Mauvais
815,38,Homme,Divorcé(e),Aucun,33027,Maison,Bon
816,NA,Femme,Marié(e),Secondaire,20149,Refuge,Mauvais
817,43,Femme,Célibataire,Universitaire,27270,Maison,Bon
818,Unknown,Femme,Veuf/Veuve,Aucun,14165,Appartement,Mauvais
819,52,Femme,Divorcé(e),Primaire,49602,Sans_abri,Moyen
820,43,Homme,Marié(e),Aucun,44091,Sans_abri,Mauvais
821,30,Femme,Veuf/Veuve,Primaire,21874,Appartement,Bon
822,53,Homme,Divorcé(e),Universitaire,34111,Maison,Mauvais
823,42,Femme,Célibataire,Aucun,34220,Sans_abri,Moyen
824,45,Femme,Marié(e),Aucun,9998,Sans_abri,Bon
825,NA,Homme,Marié(e),Secondaire,40089,Refuge,Mauvais
826,30,Femme,Divorcé(e),Primaire,49834,Sans_abri,Moyen
827,38,Femme,Marié(e),Secondaire,9615,Refuge,Moyen
828,42,Homme,Veuf/Veuve,Aucun,32316,Refuge,Mauvais
829,46,Homme,Divorcé(e),Universitaire,10151,Sans_abri,Moyen
830,37,Femme,Divorcé(e),Primaire,43330,Refuge,Mauvais
831,46,Femme,Divorcé(e),Aucun,5057,Refuge,Mauvais
832,Unknown,Femme,Marié(e),Universitaire,45796,Appartement,Bon
833,30,Femme,Veuf/Veuve,Primaire,Invalid,Maison,Bon
834,52,Femme,Divorcé(e),Primaire,28807,Maison,Moyen
835,22,Femme,Marié(e),Primaire,Invalid,Appartement,Bon
836,30,Homme,Veuf/Veuve,Primaire,5874,Refuge,Mauvais
837,40,Femme,Divorcé(e),Aucun,47591,Maison,Mauvais
838,45,Femme,Divorcé(e),Primaire,24607,Appartement,Moyen
839,25,Homme,Veuf/Veuve,Primaire,47320,Refuge,Bon
840,55,Homme,Célibataire,Universitaire,32798,Appartement,Mauvais
841,41,Femme,Veuf/Veuve,Primaire,14999,Appartement,Moyen
842,33,Femme,Célibataire,Secondaire,46320,Maison,Moyen
843,28,Femme,Veuf/Veuve,Universitaire,39187,Maison,Moyen
844,40,Femme,Marié(e),Universitaire,26058,Sans_abri,Mauvais
845,47,Homme,Marié(e),Aucun,28604,Maison,Bon
846,49,Homme,Divorcé(e),Primaire,23420,Refuge,Mauvais
847,44,Homme,Veuf/Veuve,Universitaire,43486,Refuge,Mauvais
848,32,Homme,Veuf/Veuve,Universitaire,15229,Sans_abri,Bon
849,18,Homme,Marié(e),Aucun,39195,Maison,Bon
850,27,Femme,Veuf/Veuve,Primaire,17794,Maison,Moyen
851,39,Femme,Veuf/Veuve,Universitaire,7865,Maison,Mauvais
852,59,Femme,Veuf/Veuve,Secondaire,23604,Maison,Mauvais
853,NA,Femme,Marié(e),Primaire,29636,Appartement,Moyen
854,58,Femme,Marié(e),Universitaire,44461,Maison,Bon
855,42,Femme,Marié(e),Universitaire,11920,Sans_abri,Bon
856,47,Femme,Marié(e),Universitaire,30972,Sans_abri,Mauvais
857,54,Femme,Marié(e),Primaire,39374,Appartement,Moyen
858,44,Femme,Divorcé(e),Aucun,29047,Maison,Moyen
859,26,Femme,Divorcé(e),Aucun,7424,Maison,Bon
860,36,Homme,Célibataire,Universitaire,35017,Maison,Moyen
861,52,Femme,Veuf/Veuve,Primaire,18207,Appartement,Moyen
862,51,Homme,Célibataire,Aucun,34146,Refuge,Bon
863,40,Homme,Célibataire,Primaire,NA,Sans_abri,Mauvais
864,29,Homme,Divorcé(e),Universitaire,18815,Refuge,Mauvais
865,32,Femme,Célibataire,Universitaire,Invalid,Appartement,Mauvais
866,52,Homme,Divorcé(e),Universitaire,17662,Refuge,Mauvais
867,46,Femme,Célibataire,Aucun,49566,Refuge,Bon
868,24,Homme,Célibataire,Primaire,21987,Refuge,Moyen
869,46,Homme,Célibataire,Primaire,33795,Appartement,Bon
870,51,Homme,Célibataire,Primaire,41338,Appartement,Moyen
871,26,Femme,Marié(e),Universitaire,6713,Sans_abri,Bon
872,18,Femme,Veuf/Veuve,Primaire,24399,Appartement,Bon
873,27,Homme,Marié(e),Universitaire,13681,Maison,NA
874,58,Homme,Marié(e),Secondaire,31842,Sans_abri,Bon
875,58,Homme,Marié(e),Universitaire,35637,Refuge,Mauvais
876,56,Homme,Veuf/Veuve,Universitaire,20198,Refuge,Mauvais
877,NA,Femme,Célibataire,Secondaire,10464,Appartement,Moyen
878,23,Homme,Divorcé(e),Secondaire,10226,Refuge,Bon
879,49,Femme,Divorcé(e),Secondaire,6951,Appartement,Bon
880,NA,Femme,Divorcé(e),Universitaire,30608,Sans_abri,Mauvais
881,33,Homme,Marié(e),Secondaire,48683,Sans_abri,Mauvais
882,43,Homme,Veuf/Veuve,Universitaire,34410,Appartement,Moyen
883,33,Homme,Veuf/Veuve,Primaire,31387,Refuge,Mauvais
884,19,Homme,Divorcé(e),Secondaire,12988,Sans_abri,Moyen
885,NA,Homme,Marié(e),Aucun,31704,Sans_abri,Moyen
886,31,Femme,Veuf/Veuve,Primaire,30442,Maison,NA
887,47,Homme,Célibataire,Aucun,30966,Refuge,Mauvais
888,45,Femme,Célibataire,Primaire,39231,Sans_abri,Mauvais
889,38,Homme,Marié(e),Aucun,5668,Refuge,Mauvais
890,40,Homme,Marié(e),Secondaire,27314,Maison,Bon
891,47,Femme,Marié(e),Secondaire,40360,Refuge,Mauvais
892,42,Femme,Célibataire,Primaire,NA,Refuge,Moyen
893,56,Homme,Divorcé(e),Universitaire,46975,Refuge,Mauvais
894,23,Homme,Veuf/Veuve,Primaire,18562,Appartement,Moyen
895,21,Femme,Célibataire,Secondaire,16617,Appartement,Mauvais
896,20,Homme,Divorcé(e),Primaire,6293,Refuge,NA
897,NA,Femme,Célibataire,Universitaire,42259,Sans_abri,Mauvais
898,45,Homme,Veuf/Veuve,Aucun,8374,Appartement,Moyen
899,29,Homme,Célibataire,Universitaire,16583,Appartement,Mauvais
900,20,Femme,Divorcé(e),Universitaire,30978,Appartement,Bon
901,18,Homme,Veuf/Veuve,Universitaire,10518,Appartement,Mauvais
902,50,Homme,Marié(e),Universitaire,37634,Appartement,Mauvais
903,53,Femme,Veuf/Veuve,Secondaire,19269,Appartement,Mauvais
904,30,Homme,Célibataire,Aucun,47894,Appartement,Bon
905,32,Femme,Veuf/Veuve,Universitaire,18709,Maison,Bon
906,30,Homme,Divorcé(e),Primaire,39083,Refuge,NA
907,47,Femme,Divorcé(e),Universitaire,40424,Maison,Mauvais
908,35,Femme,Veuf/Veuve,Aucun,23710,Sans_abri,Moyen
909,56,Femme,Marié(e),Secondaire,28180,Maison,Bon
910,43,Homme,Veuf/Veuve,Universitaire,41001,Maison,Bon
911,53,Femme,Marié(e),Aucun,6868,Sans_abri,Bon
912,53,Femme,Divorcé(e),Universitaire,NA,Appartement,Bon
913,20,Femme,Veuf/Veuve,Universitaire,23747,Appartement,Mauvais
914,42,Homme,Veuf/Veuve,Aucun,10601,Refuge,Mauvais
915,Unknown,Femme,Divorcé(e),Universitaire,37439,Sans_abri,Bon
916,47,Homme,Célibataire,Aucun,40134,Maison,Bon
917,33,Femme,Marié(e),Universitaire,7605,Refuge,Bon
918,28,Homme,Célibataire,Secondaire,8729,Appartement,Moyen
919,55,Homme,Célibataire,Secondaire,42306,Sans_abri,NA
920,49,Homme,Divorcé(e),Universitaire,14977,Maison,Moyen
921,48,Femme,Veuf/Veuve,Primaire,30060,Maison,Mauvais
922,54,Femme,Célibataire,Universitaire,NA,Refuge,Mauvais
923,19,Femme,Marié(e),Aucun,41081,Refuge,Mauvais
924,39,Homme,Marié(e),Universitaire,13543,Sans_abri,Bon
925,34,Femme,Divorcé(e),Aucun,26953,Refuge,Moyen
926,22,Femme,Marié(e),Aucun,9689,Refuge,Bon
927,32,Homme,Divorcé(e),Universitaire,26037,Refuge,Mauvais
928,49,Femme,Divorcé(e),Primaire,15290,Appartement,Moyen
929,52,Femme,Veuf/Veuve,Aucun,12758,Refuge,Bon
930,44,Femme,Veuf/Veuve,Primaire,19257,Refuge,Mauvais
931,39,Femme,Veuf/Veuve,Secondaire,42822,Refuge,NA
932,NA,Femme,Marié(e),Universitaire,8446,Sans_abri,Bon
933,32,Homme,Divorcé(e),Secondaire,24248,Sans_abri,Mauvais
934,52,Homme,Veuf/Veuve,Secondaire,37352,Maison,Moyen
935,47,Homme,Divorcé(e),Primaire,22293,Maison,Bon
936,51,Femme,Veuf/Veuve,Secondaire,45627,Sans_abri,Moyen
937,22,Homme,Marié(e),Aucun,41542,Sans_abri,NA
938,22,Homme,Veuf/Veuve,Secondaire,16900,Refuge,Moyen
939,24,Femme,Marié(e),Universitaire,38111,Maison,Moyen
940,19,Femme,Divorcé(e),Primaire,44289,Refuge,Mauvais
941,33,Femme,Veuf/Veuve,Secondaire,49420,Refuge,Bon
942,57,Homme,Divorcé(e),Universitaire,32224,Refuge,Bon
943,40,Femme,Marié(e),Universitaire,43774,Appartement,Bon
944,40,Femme,Célibataire,Universitaire,25154,Appartement,Mauvais
945,41,Homme,Célibataire,Universitaire,35822,Appartement,Moyen
946,38,Homme,Divorcé(e),Primaire,5242,Maison,Moyen
947,35,Homme,Divorcé(e),Primaire,19839,Maison,Moyen
948,NA,Femme,Veuf/Veuve,Aucun,28821,Sans_abri,Mauvais
949,26,Homme,Célibataire,Aucun,6890,Maison,Moyen
950,36,Femme,Veuf/Veuve,Primaire,13797,Appartement,Bon
951,36,Homme,Marié(e),Aucun,19863,Refuge,Moyen
952,22,Homme,Veuf/Veuve,Universitaire,11200,Appartement,Mauvais
953,33,Homme,Marié(e),Universitaire,26638,Refuge,Moyen
954,56,Femme,Veuf/Veuve,Secondaire,27013,Refuge,Moyen
955,57,Homme,Divorcé(e),Primaire,23677,Refuge,Bon
956,49,Femme,Marié(e),Aucun,24653,Sans_abri,Mauvais
957,32,Homme,Divorcé(e),Universitaire,49917,Refuge,Mauvais
958,Unknown,Homme,Célibataire,Secondaire,26232,Sans_abri,Mauvais
959,37,Homme,Marié(e),Aucun,45968,Refuge,Bon
960,52,Homme,Veuf/Veuve,Aucun,5558,Refuge,Bon
961,NA,Femme,Veuf/Veuve,Secondaire,39748,Appartement,Bon
962,41,Homme,Marié(e),Primaire,17442,Sans_abri,Bon
963,34,Femme,Veuf/Veuve,Universitaire,5919,Maison,NA
964,24,Femme,Célibataire,Universitaire,23729,Maison,Bon
965,30,Femme,Divorcé(e),Primaire,33500,Appartement,Bon
966,52,Femme,Marié(e),Universitaire,18525,Maison,Moyen
967,30,Femme,Divorcé(e),Secondaire,45995,Maison,Bon
968,31,Homme,Divorcé(e),Primaire,25986,Refuge,Moyen
969,21,Homme,Veuf/Veuve,Primaire,NA,Sans_abri,Mauvais
970,42,Homme,Célibataire,Universitaire,5297,Appartement,Moyen
971,46,Homme,Veuf/Veuve,Aucun,28482,Maison,Mauvais
972,33,Femme,Marié(e),Universitaire,40643,Appartement,Mauvais
973,58,Homme,Marié(e),Primaire,30791,Refuge,Bon
974,26,Homme,Célibataire,Universitaire,34994,Maison,Bon
975,54,Homme,Célibataire,Universitaire,27002,Sans_abri,Bon
976,39,Femme,Marié(e),Secondaire,34111,Maison,Mauvais
977,39,Homme,Veuf/Veuve,Primaire,31876,Appartement,Mauvais
978,41,Femme,Divorcé(e),Secondaire,43092,Appartement,Moyen
979,31,Homme,Divorcé(e),Aucun,18421,Maison,Mauvais
980,47,Homme,Divorcé(e),Primaire,15424,Sans_abri,Bon
981,57,Femme,Veuf/Veuve,Primaire,9513,Appartement,Moyen
982,48,Femme,Marié(e),Aucun,NA,Refuge,Bon
983,56,Homme,Marié(e),Primaire,48321,Appartement,Bon
984,54,Homme,Divorcé(e),Universitaire,43468,Maison,Mauvais
985,25,Homme,Veuf/Veuve,Universitaire,NA,Appartement,NA
986,31,Homme,Célibataire,Universitaire,13324,Refuge,Moyen
987,18,Femme,Divorcé(e),Aucun,12345,Refuge,Mauvais
988,40,Homme,Célibataire,Primaire,38937,Sans_abri,Moyen
989,43,Homme,Divorcé(e),Universitaire,46222,Refuge,Bon
990,40,Homme,Divorcé(e),Secondaire,34425,Refuge,Moyen
991,48,Femme,Divorcé(e),Primaire,21660,Sans_abri,Moyen
992,38,Homme,Veuf/Veuve,Secondaire,NA,Maison,Bon
993,34,Femme,Veuf/Veuve,Primaire,Invalid,Sans_abri,Bon
994,56,Femme,Marié(e),Universitaire,29414,Sans_abri,Mauvais
995,NA,Femme,Veuf/Veuve,Primaire,21331,Maison,Bon
996,29,Femme,Célibataire,Primaire,15304,Maison,Moyen
997,NA,Femme,Veuf/Veuve,Secondaire,15670,Maison,Bon
998,36,Homme,Célibataire,Primaire,44252,Maison,Moyen
999,36,Femme,Veuf/Veuve,Secondaire,26860,Maison,Bon
1000,42,Homme,Divorcé(e),Aucun,8745,Maison,Bon
786,43,Homme,Veuf/Veuve,Universitaire,27484,Appartement,Moyen
859,26,Femme,Divorcé(e),Aucun,7424,Maison,Bon
453,53,Homme,Célibataire,Secondaire,33528,Refuge,Mauvais
840,55,Homme,Célibataire,Universitaire,32798,Appartement,Mauvais
869,46,Homme,Célibataire,Primaire,33795,Appartement,Bon
100,27,Femme,Veuf/Veuve,Aucun,26895,Maison,Mauvais
550,40,Homme,Célibataire,Aucun,22929,Sans_abri,Moyen
677,25,Homme,Marié(e),Secondaire,17098,Maison,Bon
569,45,Homme,Célibataire,Primaire,34151,Appartement,Moyen
139,56,Homme,Célibataire,Aucun,23846,Refuge,Mauvais
